x1,x2,x3,y
-0.03637121796169129,0.17277753519710526,0.523141586777099,0.41210420990825913
-1.0,1.0,0.6747626861316736,0.8466137614757878
-0.45525936463055294,-0.4446502776144352,-0.754046724370373,-0.08317335350406854
-1.0,-0.4481218781576015,0.39811771596601964,-1.211846150966027
1.0,0.6283794596568333,-0.059918515934842986,7.486201376369554
0.47587449247020297,-0.3029901307088958,0.7237585651209331,0.10819688683108364
0.3702590059835833,-0.4065818867513229,-0.004184286978097251,2.2041102568022426
-1.0,-1.0,-0.3672516265450898,6.38925326072345
-0.20939934857358966,1.0,-0.653759712559884,8.047830364656456
-0.5869987662140355,-0.017016442279691235,0.7757715571184425,-0.09525480566258174
-0.15383500400204597,0.32888766099774736,0.021856608736759098,0.19523170475785623
0.5136557648114759,0.48833266022116417,-0.14997554420137327,1.4040743682525623
-0.35975428944614296,-0.06074665900632725,0.3967206694660066,0.27312815281381736
-0.5628937361335482,-0.43453167470466814,-0.2032760295770224,1.3139176207167214
0.7764777498981725,0.8852881492345088,-0.5684442403108694,6.649213134332339
0.5957554040428623,0.6458992768563452,-0.15513588815717028,1.8499647014669809
1.0,-1.0,-0.03349997068964772,-8.143832109494879
0.3176990082917366,-0.04108541597424509,0.5197209580198909,1.32100498137116
0.11952215741658678,0.9589481614180639,-0.37533865426880375,6.799794376526731
0.7191114503376286,0.35371615684740876,0.29618156634764103,1.9982987258589897
0.9588635549338553,-0.9776309251357931,0.38369474617698685,-4.574015038662892
0.43019579240480255,-0.504250960677352,0.7979672923409353,-0.2706692851769087
1.0,-0.3495129246385156,-0.19263065497617893,4.469730230307478
-1.0,-0.20370261233700604,-0.5087894820158985,-3.003082339229006
0.18534818067694103,0.8380725019594077,1.0,7.944035126077668
-0.13323563585072806,-0.8500158889671883,0.5346421568409627,0.49165410751731536
0.32612199334560943,-0.9572901498057942,-1.0,-17.39985140258653
-0.3447875887231977,-0.6503953153294308,1.0,-0.6310091825318644
1.0,-1.0,-0.030600551135484322,-8.70783912919886
-0.3060063871642065,0.12616503433382542,0.626802844475927,0.16191735185792944
-0.16471337798260732,0.022022942073181007,-1.0,-2.474587633258616
-0.13194551384922226,-1.0,0.48914431930113045,1.7205060544678386
-1.0,-1.0,-0.3503991068702814,5.781566627552777
-0.19655222888815427,-1.0,-0.895886000991212,-10.42165129344455
1.0,-0.6648781904721901,-0.27305987598842374,3.4385796183731236
0.33158499370864325,0.8443547262217084,0.24633892215205133,2.669522822974767
0.8569693602028927,-1.0,-0.19416271681556174,-5.778951895951192
1.0,-0.5534044816054171,-1.0,0.7524671691793069
0.7264547898356597,-0.5966138076339733,0.9314953686294296,-1.5813429956389764
0.4325778057030967,0.9263971260822612,-1.0,2.138199574053027
-0.6329790508544302,-0.1270871051576865,0.824866110092545,0.11211958036029551
-0.3800122939117281,0.20795727854725854,-1.0,-1.8925770340244727
0.6852703060766581,-0.04531676963789688,0.39476075578377245,1.9991663126166725
0.6751258319707873,0.9576256684078408,1.0,11.577620711988809
-1.0,0.5038118072187066,0.8221808610047614,-1.3515928613264938
-0.27909372473712124,-0.4616666692615261,0.14411123763457123,-0.16467132307777277
-0.6221537458369808,0.051392513818186325,-0.20723311809478928,-0.39680957556549556
-0.6804442147078509,0.6548412090051594,1.0,6.842348851856164
0.5396866723541838,-0.34813346055127536,1.0,-2.8418495976986744
-0.6499811447475707,0.3260447553554682,0.01968645282675463,-1.757998297139662
-1.0,-0.9925498483849509,-0.14820154878142922,5.882137327800134
0.7788214642495144,0.9917405452155799,-1.0,15.102791698999365
-0.6865322363408464,1.0,-0.42634692459938384,4.3571234946527095
0.09026700785026631,-0.06568881033587237,0.2978557658246026,0.33460543518849195
-0.5195724856887418,-0.46221223903885655,0.3327838264150953,0.83194610396889
-0.4724909421854633,-0.4850909923856501,-1.0,-3.1667777439685008
-0.21294517299501403,-0.11169751287314855,0.6986517216652468,-0.4696494579021425
0.3437957210234748,-0.9420837199404823,0.5451231621698591,0.8943628607458844
-0.2386057070890253,0.19328749663099187,-0.22301645071610743,-0.545535389121641
-0.9388141188100385,-0.12479657505478015,0.4817236251183996,-2.5210834068687262
0.15551207751491836,0.5281118042012238,-0.16583143761455665,0.9416195218447843
0.6527481360008371,-0.7470872278064613,-0.17456865568562985,0.5043956921977286
1.0,0.18676872002376,-1.0,9.8735460452056
0.5139380440557941,0.8319356851482582,0.20286718939898374,3.295464044748014
-0.22017691271009365,-0.8204303788060516,0.45378239318842306,0.7806493116392332
-0.7036762309026356,1.0,0.2367739498451773,3.644215213899375
-0.37731039814410816,-0.6985977891933843,-1.0,-6.590441455258297
-0.42396268387299196,1.0,-0.14898236886525162,7.106058664867956
-0.8229993287230963,-0.6758563189660547,-0.6318401760196439,1.1804710390805124
0.27427582127007244,-0.5687396343180307,0.6191707308255163,0.5815679004600696
0.6558872146339818,-0.10867713620106678,1.0,-0.20811376707501378
-0.1509182862530416,0.8150560255626511,0.17587472628523737,0.966199111547537
-0.40167279268819733,0.39360039468967667,0.12229527485160152,-1.4707584510115665
-0.9589469091851497,-0.9355109433705597,-0.41180557306399135,5.255940609649345
1.0,0.9213789282246478,0.03159980291937248,11.104804796686109
-0.08939091496432594,-0.5073972166607477,-0.7382328731887551,-0.024590393549182188
-0.4491171115999921,0.6031825402492925,0.27994085089765885,-2.284164095888694
1.0,-0.717097446597579,0.24764224191234252,1.5139272418006282
-0.9886376746113767,1.0,0.5006856305347718,1.163655215762999
0.22358371783703568,-0.40849092537629295,0.0036557532108936197,1.221615370345912
0.43424316381778305,-0.4855502353951613,0.9214620348920006,-2.7582708560740667
0.17915291634914032,0.09089189309980195,1.0,0.18847148978616543
0.04905026701234294,1.0,0.7585324368589408,9.300786445866525
-0.6243112927150798,0.019775179638273466,-0.2667739347903746,0.010691892758773691
1.0,0.6838802659971783,-0.12385384067450422,6.831926858745835
1.0,0.3151327809097466,-0.596629454844211,5.45921806154761
-0.9736706190939317,0.23348141825780666,-0.1965448095536071,-3.5301546814824207
1.0,-0.03436286452925663,-0.05165054107049216,4.154278354449266
-1.0,-0.09696932211550524,-1.0,9.939645944466973
0.8563927831096709,-1.0,-0.7402670947625265,-12.307260630168756
0.9140367985801767,-1.0,-0.36388105799690296,-7.164766664998783
0.39283621499734567,0.049534900474021315,1.0,0.3423889776621485
1.0,-1.0,-0.6781569760397657,-13.455914387003382
-0.8777243952578775,-0.32962205581038884,-0.15387615544357702,-0.1785669759645354
0.28622633401812436,0.007172890452637137,-0.510187896507363,0.7099811593826664
-0.30130663786692113,-0.9610592976539865,-1.0,-13.216046999632201
0.20208354972594456,-0.3783012372675638,-0.18104508109090833,0.8455235404373384
-0.6964194953180627,-0.6214329295302023,1.0,2.8665648829899633
-0.6306844651559618,-0.36333321028616905,0.017926437004476936,-0.14519901645964284
0.40850367432968127,0.8913011576959351,0.41423728076334965,3.9276574591829396
-1.0,0.8987838045815089,0.693031623321442,-0.30725601693571036
-0.2548244168169782,-0.5743674426616787,-1.0,-4.2467631780488375
0.9158538400023692,0.5619783453318907,0.8152088479837711,11.31732469791365
0.05377744774771087,0.2375568139300388,-0.28970451743381553,0.34189876688684184
0.8733254380020683,-0.9130915394274153,1.0,-4.599473916825709
-0.7304227539437038,0.0312543978082811,1.0,2.6789104900355833
-0.026600479613224426,0.8036734813052826,-0.1002603198866594,2.128346062393004
-1.0,-1.0,0.15483598816093203,8.7363161027901
-1.0,-0.8061172536999575,0.1762063227303312,3.8102969016436417
-0.0838838077722146,0.8356087161958214,0.7268790408011667,4.5596157359371885
-0.5626906431035215,1.0,-1.0,0.9262124387540295
-0.09135746007599455,-1.0,-0.14507092298075008,2.9857716452297707
-1.0,1.0,-0.4409477986225483,11.994569081806342
0.637256727784975,-0.6371744009341951,-0.9724324599776537,-6.955319691669105
-0.20953377418255537,1.0,0.9379588053235841,12.419083938979446
-0.9528319906299838,0.3247289652887009,-0.36126897040390604,-3.0418008931826086
-0.8117387281657884,-1.0,-1.0,-4.15337845395189
-0.0004921697132242997,0.13124629571729218,0.4901467373697759,-0.2518168203055499
0.9039488287160418,-0.8529045762202778,-0.5438258355592747,-1.505595545520296
-1.0,0.8948942045393127,-0.29846502704977396,6.182836327091883
1.0,-0.07037327227164791,0.6738439436842114,7.311893811059066
-0.2723852503780029,0.6182814527221494,-0.12456012744136125,0.49331186231697666
-0.13094357403724555,-0.3276749354022692,-0.1994465264279346,1.0851852865761595
-0.12671650095085973,-0.7179660317587779,-1.0,-7.468529813956857
-0.24753125028181966,0.6251245114495412,-0.861369000998242,-2.643342956832968
-0.1084109879026749,-1.0,0.6904553990248894,-0.8819760312735142
-1.0,-0.6262592562855731,0.3000955425753422,1.9460169481246572
-1.0,0.26248956713053606,0.6296602187250049,-5.121137893243721
-0.7868171149098082,-0.11360568222227152,1.0,2.445982839306933
0.0650791376517057,0.07092169989832153,0.9572627344866136,-0.6387701251634113
1.0,0.14161171196625166,1.0,15.549849472410632
1.0,1.0,0.29594991990177166,13.138739202337918
0.3806826352083248,-0.5568281157963708,0.5230713030028808,0.5828423577292896
-0.46648237606486576,1.0,1.0,16.018806053739173
-0.6340723120599971,0.010701876441426172,0.6444986604755982,-0.606443602995025
0.7825585895496074,-0.9026645394334758,-0.39366310791634174,-2.0138410125817283
-1.0,-0.7804271528752575,0.2325749755909159,3.617738671653702
1.0,-0.6668634568345717,0.6369196477138945,3.509763067949295
-0.7628000528841556,1.0,-0.4098649175077982,4.510433343914854
0.006783336951543761,-1.0,-0.10817517301767055,1.677131455990745
-0.7007351227238239,-0.2672995842030257,0.522951215850052,0.1672653316798618
0.06769613201438873,-0.37242696173262035,1.0,-1.5288763436576456
0.05368483693554116,-0.3704184006529465,0.2062728193632275,0.9234857472238035
-1.0,-0.2123598436176346,1.0,6.122500117955248
0.19744780787682692,-0.7180904831164872,-0.16636504703759503,2.49283501307119
-0.7899224484538279,0.28947563400411513,-0.3189644957628175,-1.7588920471418592
-0.5688132888011563,-1.0,-0.01424235976210686,4.076293432449766
-0.08282000293959557,-0.1915713472970777,0.9130554983377972,0.09183641785482521
0.5558603632392305,-0.9298467039684608,0.7735974805782282,-0.9185439098453105
-1.0,-1.0,0.22114357894295722,8.73889640308941
0.655827786392458,-1.0,-0.1790223943887137,-1.574519182479302
0.008293565410532278,0.6339766416948072,0.18696281683781923,1.2297396975354067
-0.5430411297802649,0.2729740635886564,0.3383725357798264,-1.5988076812797514
-0.3767181498772014,-0.3057713125930963,-1.0,-3.0019711791120236
0.2755392661517746,1.0,-1.0,5.7408742912168576
0.6296158960820843,-0.3187753238724724,0.15942108428814383,1.2116690058994646
-0.2865474894353548,-1.0,-0.8646824554968922,-8.011099488769839
-0.27705253617312087,1.0,1.0,15.546041811431694
0.7541306414525684,-1.0,0.6972483868383708,-2.447467674543078
1.0,-1.0,-0.38091249153123674,-10.078195528907312
-0.06743777033645815,-1.0,-1.0,-16.677514062124274
1.0,0.014712108886209663,-1.0,8.085681836916326
-0.8830657985520072,-0.03106687479275405,0.9127761773082177,1.1679841333977257
-0.07014368510920632,-0.674033827982075,-0.4638216157799031,0.9894904117627231
1.0,-0.17175319190831195,0.21494623159213355,5.088830667964616
-0.5629046190484144,1.0,-0.1036081225100487,5.698294735497367
-0.8972723264841382,0.30820683942778726,0.3544065184390206,-3.9628490432470063
0.3493240701227531,-0.6273751391389901,-0.7570072088346638,-1.1788683484271494
-0.35942993527392075,-1.0,1.0,-4.240574998612654
0.6046988607751986,0.8059129520368207,-0.4749266827082903,2.368240462107269
1.0,0.18022722572814942,-0.7312031177592624,6.396759430564925
1.0,-0.20072434937431138,-1.0,6.248911931418581
0.4245725462170806,1.0,0.8462715929789257,9.359937569632162
-0.31894573515797453,0.4139432782523873,1.0,3.3748878373425732
-1.0,1.0,1.0,16.763318890105033
-1.0,-0.4699152548802561,-0.3062855675611058,-1.0657658273808603
-0.9142181213720411,1.0,0.05491160048500898,4.749575992685526
-1.0,-0.7898274607031486,1.0,16.38557102899094
0.36525709679339724,0.03401067114082501,-0.06642385350050994,0.3833208351482468
0.2158218944480066,-0.28728054580778184,-1.0,-4.085262465702063
-0.09801987752199537,0.7999013137379745,1.0,7.871307322038564
0.6469307606879149,1.0,0.3498433046172462,6.715601141801774
0.276325884938984,0.07968711663044714,0.13181986713408378,0.9778312954626904
0.5752199332973873,0.6451608130080748,-1.0,-1.6484479285941465
1.0,-0.01850258337256694,0.658580289860097,7.965023464262065
-0.21211310265472516,0.1386368235200781,-0.5411540870919942,0.3973227314109541
1.0,1.0,-0.6373568286934825,23.422399760898234
-0.3175520922064554,0.06227115171794528,0.8037014344611875,0.3714462912954016
-0.6203457913854664,0.4110527841108098,0.16366662719954062,-2.0533270550193845
0.7611363816365468,-0.30002020165324916,-0.15839238494780505,1.4723170409395723
0.7360693992902418,-1.0,-0.6846155942150265,-8.156053659687236
0.12778901108702034,-0.15235868742825898,0.17913280528550657,0.6071023600333619
1.0,-0.26458769131519455,0.12867777548236248,5.213698648413585
-0.6056100463665208,-0.3843886863673944,-0.13072459012229531,0.951432319907169
-0.15140772223576104,0.4287955488434343,-0.1525440860223395,0.15057277685109782
0.5056605491025357,-0.8688055543274709,-1.0,-14.195957209356267
0.563523757173459,0.6522868866103491,-1.0,-2.2420821462499205
0.8560580304353924,0.062478589654318295,-0.014763498939717179,2.597949318408022
-0.2479151219982747,-0.4354734311186621,-0.8487937942616297,-0.631142225492638
-0.4963459321177104,0.26130559422938004,0.13378092282545917,-2.000092707341311
0.17461497397505954,0.8374025575134121,1.0,6.651616861402774
0.4595260160411896,0.7206477977627221,0.620283680549697,3.4068836128419333
-0.6758266129555226,-0.8023449021702094,0.4349284825216351,2.292858863587738
-1.0,-0.29813069030163986,0.7534144561898133,0.39304183820476724
-0.926424848391401,1.0,-0.23435422122898197,6.891805196560375
-0.5968992956090327,-0.009891980814707768,-0.5598236202178868,-0.09389079000777822
0.18133615676793036,-0.514152482078714,-0.9000101073048403,-2.5790615446191136
0.46562025726090295,-0.32685279019214497,-0.7481142027346182,0.8350633484031318
0.12328476364548302,-1.0,-0.6013091825505521,-2.6966140793133695
0.23969375581192365,-0.36427245891170856,-0.15066347285420645,0.5189802113832804
0.7989515002760332,0.09306809032429908,-0.2681333895279805,2.271941836037493
-0.22592010879904234,1.0,-0.09097278269735987,7.0801947709464494
0.0077857022091245565,0.4210934161062525,0.7551359871572638,0.14120550201982324
-0.4895131626661715,-0.6266065449936171,0.8304271943146393,-0.004362533653850087
-0.11877823068588067,-0.16538309886446423,0.7501383500866594,0.40862639549390667
-0.6611480161767527,1.0,-0.11779357582366723,5.754622571213654
1.0,-0.9467921231481013,-0.3442023301057333,-4.710522817330506
-0.36869670370319274,-0.39387469025312627,0.013629032712521028,0.19272492220473414
0.4565091258243308,-0.1086617190965431,-0.7739455447270427,0.06777213755274458
-0.13032502732087448,1.0,0.07260665498542007,7.581164201428982
1.0,-0.09984767384801363,0.7041796996959442,7.872449403888124
0.7099425314653245,-0.7827694224599258,1.0,-3.60558278233823
-1.0,0.5960720767825798,0.4997098694574693,-4.498224637172168
0.5003140426226371,-0.3166429939023392,0.2559309129919889,0.8562189577087553
0.06821204395085845,-0.47867710789079565,0.040126060773010064,0.9829232617938508
-0.4103138973022269,0.4887521825836374,0.5880728740925734,-0.5528503519760053
-0.8753003441965008,0.744349790775841,0.31327252267605377,-2.587480395903201
-1.0,0.48577492695863267,0.7317023728677088,-3.229114844271037
0.431459971972211,0.47484739354346384,-0.3542237910994006,1.3350465597529775
1.0,-0.8840426339730023,0.15188641404567194,-1.6327743423072383
0.36692565620878614,-0.2246763246404404,0.9127645267613318,-0.5356645266977362
1.0,-0.10093540227251219,-1.0,7.324650454803955
-0.5260671983536851,-0.26512174153759793,0.4445683856353311,-0.09733020782757403
-1.0,0.6205558734628249,0.1385711944329604,-2.874833175665098
0.022375114322859657,1.0,-1.0,3.728430793998388
-0.929721816801282,-0.3266436179867147,0.9070525877804128,2.7960009340604137
-0.9366970825884484,-1.0,0.08323484606606346,7.52783369989802
-0.04633917683552902,-1.0,-0.7400332446558666,-4.7241924458782325
-0.34546672052758454,-1.0,0.6910573775445634,0.04716268995213846
-0.2327200820627695,-0.5821112926967786,0.9906545594978846,-1.0028813305066357
1.0,-0.9382004195768774,-0.3707915649309472,-5.508575613069467
-1.0,-0.6685747464747955,-0.39366711597010395,0.6105413601411438
0.8621903524455454,-1.0,0.9926069306970746,-7.761024129518145
1.0,0.80401662221503,0.35587511731637256,9.981429270520428
-0.6379888230096877,-0.47625564852881075,0.3259482826157465,0.9325844854097596
0.27704840618759885,-0.7349373738398322,-1.0,-9.512930316684699
1.0,0.20022300403045867,-0.23221309881504815,4.346746882883875
0.8074300227618609,-0.9238739001328495,1.0,-6.332694017630591
-1.0,-0.2072723415870228,-1.0,8.120570297045647
-0.8535519019001339,-0.5694506471054863,-0.6305386193004481,2.291519835535909
0.09769872342201413,-0.3471428421282803,-0.16365825357433406,1.2897960598334273
0.7330187753053616,-1.0,1.0,-7.254851066678211
1.0,-0.0016052638080070736,0.792341209006864,8.271299290698567
1.0,-0.00471735650326055,0.4251672607360688,6.576010147043898
0.9485685170175355,-0.4650583897373277,0.6745989426020453,4.396834197205718
-0.2517759226607541,0.25384458592339776,-1.0,-2.573706438860526
-0.08610791390243144,-1.0,-0.6861896653205621,-3.6693898326435233
-1.0,-0.650167910087746,0.3074033216220251,1.2381243303497036
-0.2587801745283689,1.0,0.9278116229377271,12.336986830347378
-0.6517947448999246,0.343936008681029,1.0,2.802090294877028
1.0,-0.19784908113706412,0.016294331385118266,4.34149819797521
-0.6528365702948355,-1.0,1.0,0.9560463596683098
0.45074563154768343,-0.5884366791693112,0.36306046066262887,1.5792600122119085
-0.42654292648865066,0.42368631801358747,-0.31151948791643913,-0.8019215847641993
-0.06990619354059158,0.7690954731938542,1.0,7.242578940473001
-1.0,-0.6264311667489775,0.8604577375512845,7.441699491504363
-1.0,1.0,0.5133473563635731,2.0751293211299067
-0.08878897880055603,-0.7876944959372185,-1.0,-9.169372260730439
-0.773720278086913,-0.3586564892073183,-0.4405549462429543,1.4324433702895831
-0.8070285208334165,-0.10940944242559136,0.13633699258814835,-2.4154830878005265
-0.16500019721856085,-0.371103903757076,1.0,-0.6084559733905051
-1.0,0.18926076166226458,1.0,2.836496467175372
-0.8754363130198402,-0.6060421647579379,-0.12015263170635437,1.4858167027343585
-0.16734303775185877,-0.24457550923900584,-0.48982776089212154,0.8724814756494139
0.12017827613421939,-1.0,1.0,-7.24864814536858
-0.3036986685282925,0.413563613705497,1.0,3.520524479539154
0.2898204415636043,0.07215039395695433,0.5724353167788587,0.7013507594826234
0.05014205023407281,-0.021826238968746692,-0.3279695774923952,0.9798748938882501
0.33427234471084377,0.13719296458511465,-1.0,-2.6469993963881473
-0.8438995737632442,-0.5008681289384755,-0.5922228039188064,1.7293773698197852
-0.2725134484603211,0.49973411134024626,-0.1742121432993342,-0.8866597261647131
1.0,0.3162774281791165,0.04924788479669928,6.142371281197836
-0.6885656907824897,-0.45523133604060795,-1.0,0.571407795285042
0.5921885341626523,0.33296332045476085,0.8225066036198043,1.5993764724671493
-1.0,0.15795284886584215,-1.0,12.95313017428428
0.12699083583543924,-1.0,0.12405172391209818,2.51882902423426
1.0,-0.11329415175033652,0.8620528807556591,7.78596404465248
-0.40990472236947517,0.08404858831830353,-0.1339272284181987,-0.2127277040213385
-1.0,-1.0,-0.017289967555824237,7.510508211140693
-0.12982065895820805,0.24337808861465415,0.9676867791887862,0.6059992954413363
1.0,1.0,-1.0,37.913623443134696
-0.3757765929316854,-0.14473329171094917,0.7732652525766739,0.28002945452958794
-0.3889389706407096,-0.07603588660777416,-1.0,-1.7451355946907776
0.007933088175231084,0.8470812927862112,-0.7672590851153491,2.3666166886701316
-1.0,-0.25103923166508224,1.0,5.233034574114664
0.42457632056199146,0.21093631294311033,-1.0,-2.6546292782279037
0.3776140828415433,-1.0,-0.6916553481626266,-5.279105643796613
-0.6201103492004363,-0.5956466224147168,-0.5128075995262995,1.2928849956105422
-0.21480870226294613,0.10418399845162485,1.0,0.7440150561241423
1.0,0.10610672030142432,-0.3268679678839328,4.340904715210936
0.18966697456767,-1.0,-1.0,-18.279224249591987
0.8288186947076019,0.18598379444492896,0.09471902611099536,3.105026452578548
-0.8277160030187076,-0.8721849498069458,-0.853694198293576,0.9100065388749817
0.6746064570825427,-1.0,0.948816460850884,-6.245553024990804
-0.6518299949256354,0.0007700585876169175,0.07914315365269364,-2.195062662706011
-0.8080576447154428,-0.942309599139534,0.4488308593317907,6.40118405267248
0.17637704133662058,0.5021684886087301,-0.4351051546080562,0.38722172564280916
0.19282608323395767,0.3159590738950353,0.1302554982026365,1.2424919990103778
-0.4171867827952147,0.5256068587870046,-0.398360186155468,-1.4399259985682664
0.7109404230214043,0.0503035056758514,0.8595315759466438,2.668718721786962
0.5127074997849905,0.37782850184815153,-1.0,-2.5961878175159225
0.5809091302155007,0.7659112933519754,-0.8570838699846965,1.5305300352630142
-0.14732886587847527,-1.0,-1.0,-16.553662907525723
-1.0,1.0,-1.0,21.363055581790817
0.20295991319575535,-0.02058728148000899,-0.5273756422435265,1.349398558255094
0.5340953131296677,0.3545155135097975,-0.1983288053125989,1.0967170743063954
-0.6360970988103107,1.0,-0.1087484755357766,5.649956927161326
-0.2151054020767884,1.0,-0.037789418502336636,7.468302250848422
0.6498753228608214,0.24412333393664665,0.12196018147610577,0.9313908364849315
-1.0,-0.4671694364643304,-1.0,6.4936162389599605
-0.6798905289250758,0.0577701919050011,0.07748202301939777,-0.8916349663364264
-0.8171749355992408,-1.0,0.7692661201157218,8.218162756955342
-0.890079093589532,-0.21627200775470357,-0.588088667842626,-0.14109118269232904
0.8215564905066799,0.8543925255181162,0.8050354119320486,9.671719903231427
-1.0,-1.0,0.3639355313020878,11.751762353706866
-1.0,-0.7679237676134947,0.6371409294407007,7.449814115870796
-0.536604528372691,1.0,-1.0,0.6475619293738389
-0.7316100709084912,0.03469329586106906,-1.0,3.56128183364734
0.5270611166058747,0.46148557907214527,0.22865850877336213,1.6952774015809289
-0.7903916536064568,-1.0,1.0,5.8639588472253115
1.0,1.0,1.0,26.760555246888558
0.7974444540081498,0.15556553317764155,-0.18679869581179687,2.001255769744385
-0.38392865182865843,0.19661157068280977,-0.3105447148736773,-0.40682596132981313
0.584631979207966,0.7402132876302785,-0.5243735279763895,2.715641297989105
0.5112080422631542,-1.0,0.738661256653405,-1.8296017639161237
-0.27245457262153394,0.27736443604142225,1.0,2.130323196616689
1.0,-0.6203526723988335,1.0,2.8574690502251388
-1.0,1.0,-0.0645976344176542,8.854482412964698
-1.0,1.0,0.8091777725761125,3.2488191875167276
0.6927383535574703,0.03849433002875813,-1.0,-1.548222416837956
-0.6542790133277374,-0.6281496050062148,-1.0,-1.9799356140201592
0.7959818561198988,-0.40640989478295,-0.66830789833019,1.2130871567473562
-0.5020603392899943,1.0,0.4961166473242562,5.8405473091585565
0.2063261657963058,-1.0,-0.6020670849539105,-2.2041398147868465
-0.2406949819312445,-0.20091108732137686,-0.3781988813224346,0.7720523398832259
1.0,0.7449120814615331,1.0,26.222548480285177
0.22013544161146226,-1.0,0.6542751547428023,-1.1772059571676547
-0.9340730320834985,0.9262151319165761,0.08024462237673502,2.4253376329214262
-0.22641907625690516,0.3943928449115961,-0.0984722507089042,-0.08812401856810559
0.27800772130564355,-1.0,-1.0,-19.99366508335612
0.8088808618920988,-0.16690408869024043,-1.0,-0.3396418121139553
-1.0,-1.0,0.7761783954474848,16.878422791501897
1.0,0.6157783747550387,-1.0,14.001148003719772
1.0,0.21004191632705327,-0.09028140586524147,5.967826037921411
-0.3004757944614942,1.0,1.0,15.648074831708525
-0.31588980122375854,-1.0,1.0,-4.724397331475754
1.0,-1.0,0.6107362192184558,-4.80504349604266
-0.1944677128800978,0.10635502198376612,0.45862776727013244,-0.22958097412837425
0.6063025650310134,0.1911069359244335,-0.28364470763010385,1.4900204966455788
-0.12732085175070673,0.940098521532204,-1.0,-0.19260671902684617
-0.06845514363390093,1.0,-0.29720786948822386,8.968121640874244
0.6587351460122841,-0.8669595751557766,-0.22597430568950272,-0.3546257398260469
-0.6143659532233849,-0.07991946038247733,-1.0,0.6141363450806498
0.7314119431870967,-1.0,-0.22642144740819514,-3.459420938649758
-0.6333399244526436,0.09599801502310323,-0.7559591617610426,0.09815811856000105
0.08762032894313032,0.17046614142216132,0.9697945266793464,0.21088671273384002
-0.42464472379000306,0.25689647379678093,0.6644050207530292,-0.6489994507518639
1.0,0.46140032389145413,0.053936507636978215,7.007922591517493
-1.0,0.256857618782915,-0.46463045841936035,-1.7319908492930953
0.9177975400659149,0.059060549150253605,-0.65743244117817,3.7784684883398967
1.0,0.5999204956664661,-1.0,13.2911383905516
-0.7793945247036314,0.6189703921180527,1.0,6.196201486477007
-1.0,-0.06926855667016785,-0.7657559979569029,1.3551589859173017
-1.0,-0.7720777836419439,-0.3989293120042874,2.3246734150992214
0.31026836829471316,1.0,-0.7398480534952974,10.172400029443768
1.0,0.928344847994071,-1.0,29.4393844502004
-1.0,0.014279789168657242,-0.8294027135125199,3.727843479350273
1.0,0.5443129847468169,-0.8325483574007151,9.051437832106153
1.0,-0.33426586364267274,-1.0,4.575687906477806
-0.029609155105809304,-0.08412009565890477,1.0,-0.025639173727902795
-0.1658057478877386,0.07756500161639557,-0.7925953433195547,0.4944773309147355
-1.0,0.5801811480643506,-1.0,18.819760276456027
-0.5510043700452916,0.2459399107957625,0.39804027742215253,-1.105568919006009
0.853154699722394,-0.42438869892640674,0.10812155114852784,1.8936161603786186
1.0,0.5971452610618284,-1.0,13.924153359616565
-0.1077627338343281,-0.9866947360103424,-1.0,-14.891080805909851
0.1702243449355716,-0.3937190955331207,1.0,-2.0392132174433133
-0.4742792761093153,0.06369870548389511,0.26153316957386674,-0.46230839057769135
-1.0,0.6816305276599559,-0.30614462621996075,1.5445771218435553
0.3872645408473061,0.8122212951226233,1.0,6.50992449812766
0.8314315857386994,-0.5645365888443141,-0.872542053043492,-0.566159714014824
-0.26681697807848703,0.24252319339791062,-0.2658782689130239,-0.07381184069885771
0.7541999644170434,-0.43358756860471526,0.4851205196031787,2.337439754465493
0.038448422540120264,-1.0,-1.0,-16.464368337552347
0.1291189937372852,0.26187604505269624,0.8949747109850918,0.30334614241403335
0.0925584621611264,0.6614021371031471,1.0,5.272739372736877
0.556263286990131,-0.2147288522703268,-0.3212208508292187,1.632405237379678
0.1700365749003181,-0.7410288613875242,0.6054815758131065,1.0763179571281658
-0.37505182080995914,-0.8213304622717212,-0.34494048980952363,1.7437324778889425
0.4875755007511582,0.09428773980576333,0.015451528834028672,2.1496287865981047
0.8081152312797764,-0.1923441881654333,0.4095241023167493,2.5115761250382667
-0.9046004953861393,-1.0,0.1353487810680114,7.561886451694894
0.01407222727080959,0.9263832889781463,-0.5643711495374428,6.05476117792063
0.5668931043068117,0.1915615528551402,-0.40963191004225763,1.2722221071634703
-0.026644574367356233,-0.6818646031262316,0.6132548709795957,-0.01236401376848223
-1.0,-0.35547668434910773,0.32363142634020003,-1.530884410649834
0.13269406984876886,-0.4853131510259727,-0.9095885531805825,-3.53798269912076
1.0,-0.5828218005178649,0.4158215986060114,3.5804661881364197
-0.05755213488030053,0.7105421956197846,-0.7815249192374576,-0.009508360555954831
-0.5544644261683365,-0.7522161777660983,1.0,1.4723259045101726
-0.025114227503688635,-0.2777237035647535,0.13139447260726445,0.23905535964532987
0.01931049513157168,-0.4783100278555792,1.0,-1.9283070570274228
0.7981008591719545,-1.0,1.0,-7.4597202676514724
0.1876005527524347,-1.0,-0.03560328590399031,1.7740787261927984
-1.0,0.17229240959057535,-0.3347034202178132,-2.9066823365266123
0.17366025241313654,-0.6653755116533451,-0.45770703302780413,0.8433196751342895
-0.04427381382775364,0.6094516383713136,-0.49343085721106106,0.5949826497705089
0.5414238354263992,1.0,-0.7353226538199957,12.762669296712831
0.28129572521823754,0.7659907127911627,-0.3432144621434343,1.658413849218563
0.3680961139711656,1.0,0.33754974420389994,6.9446777868787475
0.9496942117035647,-0.022131703219171905,0.23644482324951466,4.694968798883674
-1.0,0.19919567756417367,0.22311559169123374,-4.289607086795769
0.20904411841301074,-1.0,1.0,-6.973638744583056
0.07140408970607859,-0.6880191319518243,0.5072762399803892,1.1110261084031374
-0.8568498818092254,-0.8251323253179474,0.8118483822277189,6.97557626658603
-0.10221643518119516,-1.0,0.04341787389027152,2.923339311055535
-0.11800248996576812,1.0,0.5357532316086318,7.767013788807967
0.5435570800123981,1.0,0.6425828519193661,7.8128671772944065
1.0,0.15818312830943304,0.16625379389569983,5.198038684040194
1.0,1.0,-0.13807033741830188,15.6589458223844
1.0,0.3389877971344837,-1.0,11.922110931796388
1.0,0.8558104278417391,1.0,26.56287242111788
1.0,1.0,-0.8036628306210907,29.63618202909557
-1.0,1.0,-0.7620964526035456,14.103616266874244
0.43672459415953924,-0.6075952800426756,1.0,-3.6760400435325207
0.4005893210208449,-0.5582418904159645,-0.37196433167192966,0.2783933125697937
-1.0,-1.0,0.5786347810162744,14.280574357003399
-1.0,-1.0,0.28657346283431395,9.444021755844378
1.0,1.0,-0.9729465641987065,37.85527340040037
1.0,-0.5626902838375947,0.4956093536658841,4.1614644190017485
1.0,-1.0,0.8100028312856697,-6.318541398789144
0.0003445702898605685,0.42612751958368933,-1.0,-3.481334575284513
1.0,1.0,0.5075675076311261,14.24180266106896
-0.2718460244084966,-1.0,0.14718720126603202,2.6064528951727612
0.29049693498711315,1.0,0.04920543438554792,8.359887219588266
-1.0,0.10218694901615177,0.7610784918176334,-2.804244825939184
1.0,-0.5149210208283532,-0.49985493285421256,4.416480532389935
0.47923024645857915,-1.0,-0.4865317822858719,-2.5455592694860156
0.8023171285530906,-0.2686440114483668,-1.0,-1.326037417902627
0.11944012246843716,-1.0,0.81037357076014,-1.9177269866638218
-0.6132326488973343,0.19808360213527743,-0.48735921272801974,-0.8490663229666623
-0.4214121995431179,-0.5808006845628177,-0.38935365488126106,1.9284683061211811
0.6258234994127503,-1.0,-0.004472077696652921,-0.8700484841029845
0.08197181137603193,-1.0,-0.7436079235258719,-5.379538480435743
0.8163695662831703,0.04709533533345134,1.0,5.353411018209119
-0.47333495344888354,1.0,0.29995597861345846,5.757423265232299
0.09903342712440111,0.041090637461731694,0.9570872329461315,-0.582309857615884
0.4246324150169598,1.0,-0.10593324262018378,7.923243808082946
0.33361569635583077,-0.5106661045024596,0.2593502692476266,1.0156762130228936
-0.3527792089610311,0.010585760598946115,-1.0,-2.2484593888700206
0.3669798771769939,0.3217814923884832,0.478571169888907,0.8232850459628546
0.3437372408183299,-0.8811585106216908,0.3065380818846608,1.7829597501378605
0.320835443001219,-0.7544374670379936,0.09757221719258968,1.690096573240933
0.8564707938763334,0.1096977911974566,1.0,7.010131155985154
-0.21228591638103733,0.2570881373855576,1.0,2.4136606952315427
0.32071117901613766,1.0,0.3890099866691623,6.584574771810646
-0.716888612735034,-0.04403439099765305,-0.7614894490673034,1.7740425239385411
-0.21493728613468943,0.9850507190867661,0.26626687326916065,7.125148369383802
1.0,0.26840171317972916,0.37462571072346296,7.428496339268415
0.29240394633514843,-1.0,1.0,-7.274888586071317
0.16506084593905546,-0.13765236808990178,0.7837608209738287,0.28559188920780076
-0.46324254793687936,0.7679504023330843,-1.0,-3.625263717287545
-0.8410154096830873,-0.4430305410663018,-0.7460266249935963,0.3004617814602546
-1.0,0.08318225447359628,0.4766398153840301,-4.973622675871411
1.0,-0.3838085130137612,1.0,7.425798478971059
-1.0,-0.6695122430136546,1.0,12.733725181996327
-1.0,0.2991027767322425,1.0,4.372131406401341
-1.0,0.5029987899680031,0.21957764332655016,-4.018061543481377
0.1846058586816024,0.10294846651827427,1.0,0.5930573038008702
-0.7482541508894407,0.4706192834162106,1.0,4.519266071356395
-0.3915099367247803,-0.7721189686859804,0.6903490284149174,1.250371340072809
-1.0,-0.510415530604482,1.0,8.98679209123005
1.0,0.4388081578776464,0.07985098886915543,6.18847155145862
-0.21706830122611276,0.5060515353998734,-1.0,-3.857798518116434
-1.0,0.9390195596400763,0.04170922075172112,3.683212747087222
1.0,0.6685882644708194,-0.02376360225301477,7.662990770838487
-1.0,1.0,-0.6291418570976655,13.54611950137666
-0.2143547590201369,0.006235519290790359,-0.11912511792805813,0.5043029719909772
0.24769236889021395,0.7546693023758688,0.36618780772990633,2.050914065776066
-0.11401201298925301,0.6928170780410619,1.0,6.115190646728737
-0.4217266569422151,-0.15660667627165137,-0.12585538687848663,0.49152254709208276
-0.8321385011542224,1.0,-1.0,5.529036169351882
-0.8708818102411082,-1.0,0.43908871040889386,8.340483901395906
0.9160656501749569,0.029611368858081688,1.0,8.001914079673496
-1.0,-0.5690062876476818,-0.0681623298247176,-0.7291482108586176
-0.4446316530638179,0.5543463449807844,-0.9296098504970955,-2.933628964925851
-0.04281329054038108,-1.0,0.9276572532405967,-5.247973800815286
-0.7679428899687457,-0.18693107917381657,0.5875683059455503,-0.9847235427316821
-0.7149320205677667,0.4449877842978929,-0.8773135779903296,-0.8114793911766129
1.0,0.23967230724643818,0.08849465035432047,5.441561359551925
0.009695535463519755,0.11873625989109704,-0.6025504855501553,-0.7095452987748049
-0.11541540726650434,0.686113928022589,-0.8786208661475505,-0.734163178194831
-1.0,1.0,0.9581217028718816,12.199264047351143
-0.19898884877967227,0.37098612609689763,-1.0,-3.5457107371160115
0.10607327537030331,0.03703957290113924,0.14483997339810917,0.8119679521763487
-0.8806466550546286,0.40359053075438545,-0.17623448851400725,-3.411580311760587
-0.8130265045887473,0.2367164888093689,0.34707020995667115,-2.512463177208533
0.06951962853108906,0.039016935599317515,-1.0,-3.247881203082079
-1.0,0.17465826497061032,0.5099537027096275,-4.212155644372777
0.1797200045214309,-1.0,0.8384702010188883,-3.8438862925209074
0.4870084838316675,0.29723933100643607,-1.0,-2.595163516700483
0.9668418090317779,0.03725738178373539,0.6315822022206254,7.307968359003139
-0.2886336432782699,0.60541996094738,-1.0,-3.4882831540189367
-0.18618337072032465,-0.18338856266814507,-0.09414998749758219,0.9479513669433062
0.11648883982161173,-0.37861330711953833,1.0,-1.4975019434305574
-0.2717271812846713,-0.44330730670489826,-0.048377332320819644,1.3383878164152354
-0.40101568526026266,0.0076234383080358015,-1.0,-1.4347890092754378
-0.47112494664867466,0.31993682496356235,1.0,3.093631904337572
-0.8921522266591488,-0.24385474975732002,0.0488298278128394,-2.025466603691459
-0.6129850427604449,-1.0,0.6944685387785572,3.700118531079989
0.2878106014240467,-0.5007393855679896,-1.0,-6.572526415326755
0.3728552847997588,1.0,-0.47176288219557305,10.704323148362198
0.5678429904311555,1.0,0.003768618822227676,7.264580885512844
1.0,-1.0,-0.3264074891988227,-8.935601504941395
-0.2760809543444014,-0.37767862467539537,0.616602168918801,0.24483563706518474
-1.0,-0.876605510527857,0.24244006003876528,6.000120002135217
0.5055468544467274,1.0,-0.9148261722489321,9.957523120232613
0.0008923157370914758,-0.3406676982934438,-0.753363802837032,-0.20097924872768133
1.0,-0.44318581145973623,-0.4068199069212348,4.658534099527574
-0.6613396963740963,-0.9795425886158466,-1.0,-7.253617368942042
1.0,-0.8652378578527316,0.2757756190771612,-0.7599548139774123
-0.8983193510075502,0.8011887121985561,1.0,10.586402926130932
-0.8762613248669158,-0.8751046983582871,-0.31167759527756167,4.899577091922623
-1.0,0.04011452179420161,-0.08852412515619723,-4.092470752111044
-1.0,-0.7642099575390895,1.0,15.389535091603515
0.23849277467312424,0.005907047097391649,-0.6157671079307827,0.6717796014437609
0.49406456779182917,1.0,0.28853614663477734,6.508956442925682
0.8284767712355501,-0.37509271890593143,-0.41058953330544035,1.5459064815953696
0.8072058297611022,-0.1862069249955971,-1.0,-0.885594002347226
-0.4637571189265344,0.6486669390343136,0.5917460387168447,0.33422918278230085
0.9765925813582426,0.9919974244100904,0.00409627230896481,13.192706120904365
0.9705224845046097,0.4621824768610834,-0.3318002538732159,3.9437664688696135
-0.01897909196318981,1.0,0.13095955618702693,7.327788430378426
-1.0,0.43315105992745084,-1.0,17.106930188653195
0.19427974419097493,0.3812035589104763,0.3460563237107408,1.3096315402108725
1.0,1.0,0.045601921564029535,14.163621080091053
0.8833045869306457,0.11787640457481463,0.4710528553965019,4.267749522217836
1.0,-1.0,0.030977812568705243,-8.387819254392367
-0.5646028735265038,0.0005429831857302059,1.0,2.0282144347552866
0.5464590868990669,1.0,0.12960357216000196,7.372969031652248
1.0,-1.0,-0.25415913849880845,-8.535962035756377
-0.9054005872175528,-1.0,0.12032315244538205,9.005182032635444
0.17071794823955888,0.34250949005382236,-0.27862529123324453,0.5935330854417766
0.5912627563614499,0.30243139877672554,-0.5386967322516871,1.0390813737777667
-1.0,0.3844627302410255,-0.4945203835610299,-0.7325257466865174
0.5928834231587314,0.9647074428338847,-0.7682194502986142,9.5289622222352
0.047690593565308914,-1.0,1.0,-6.606906475249676
0.33383932751584533,-0.20027741570843216,-0.7024472224739557,0.8312957293974063
0.5430194239383643,0.6326530396918837,-0.12360987178709615,1.7131604679754981
1.0,1.0,0.045255887150691176,13.660053200083503
0.17670067830997382,-0.13150856077668638,0.17562835291557,0.7283872906364798
1.0,-0.7469884733855319,0.1348230158233561,1.7385880097398259
-0.586641786690536,0.3313680136078325,-0.23362458688715493,-1.3797074736460821
0.40318491969209447,-0.0053152283977937476,0.7865904622559394,0.5841932207554241
0.755817391481262,0.8243719974481698,-1.0,3.607259514275115
0.9930419344579939,-0.5863722794965764,0.6103824921761758,4.4971157247924864
1.0,1.0,-1.0,39.80805051660972
-0.35238962850540423,1.0,1.0,15.8251788071662
1.0,-0.5357061120315756,0.8042575438532347,5.702412568143813
-0.6732470652276208,-0.024531626567478648,-0.3497303646617138,-0.9322442070826376
-1.0,0.5261866727473308,-1.0,18.303571750134434
-0.16413452707487108,-0.11159922900622288,-0.6483557454689677,0.12762956535181075
-0.3941841277805629,0.11252089078048311,-0.05483660359723008,0.5888803978843079
-0.22333605119731215,0.5578477146801615,-0.686858533957039,-1.317334536341281
-0.273286747122643,-0.005333887489460398,0.10578414048966622,0.14415242675112613
0.7408142594783202,1.0,-0.3163609492267707,10.223905981201634
-1.0,-0.13844375581512436,-0.216276361013243,-4.330218256516093
1.0,0.06066931164246969,0.6169784692554965,7.724092949768927
0.5217351213869392,-0.20848677346299116,-0.6891793325401274,1.3986219811935545
-0.1872167417664421,0.07664649617863639,-0.010723961649609093,-0.48024654722335264
0.36705712567749593,0.8883194198930102,-0.8619662929574774,4.123561739481391
-0.566363579804783,0.2967017251586841,-1.0,-0.9733073743251526
1.0,0.16486439073162917,0.11541669938470323,5.475150624156377
0.28179396480180086,0.2951891897811396,-1.0,-3.2360786326864415
-0.7795794755993102,-0.957897873378122,-0.5121261913422659,3.1722064245095907
0.278221576135931,-0.0009723322528876199,-1.0,-3.372204832099738
0.6511419333184478,-1.0,0.07145788154483435,-1.6060869138091993
1.0,-0.809207543057832,0.8169795879342663,1.4836966595946088
-0.4862269358636595,-0.32344763523168596,-1.0,-1.5945034432143468
0.13890809225394785,0.2234607279177867,0.8791380180692681,-0.11955483028918806
0.8074955652669795,0.46210389204316127,0.07464327201780585,2.2463315953941647
0.003658187683476255,-1.0,0.11824740541448642,1.7580381625153576
-0.08879477153953341,0.44601064156905346,1.0,3.4030119395349088
-0.0006273851380154127,-0.1012093817009092,-0.12263182436857556,0.5454764614698313
0.578597481000616,0.16336671377147738,-0.6794147804162234,1.5121523788880904
0.30604787375182085,-1.0,-0.3399028284911034,-0.882355316794837
1.0,-0.21502310415762516,-0.2885118359801182,3.7386373005143363
0.881066544472803,0.6729592461932599,-1.0,5.713136882112602
-0.08489710854039267,0.24890069011683824,1.0,1.189512328934276
0.6470530370747678,-0.7958317369108303,-1.0,-12.626390633343968
0.11148593078294278,-0.19372683484175424,0.7259156396037127,0.39216709081148216
-1.0,0.17673510459136454,-1.0,12.871295755983917
0.8704945411465317,-0.6528547964376634,-0.2339655985600675,2.0258737448278987
0.2536053330518442,1.0,1.0,10.450764768403511
0.12896830357171374,1.0,1.0,11.612974062791075
-0.16258606687656796,0.600251937046244,-0.22570133099631073,0.27696662390397175
1.0,-0.9803605049978603,0.8510112103814684,-4.589740784640699
1.0,-1.0,0.6900070771006823,-5.603008587835047
0.5939349310293505,0.2738290958602696,0.4607511671091744,0.9903417477391114
-0.5385306831496326,1.0,-0.006724451003589316,5.6843598519378515
0.7304376812154563,0.10139487618490461,-0.12059458778976961,1.736148736382602
0.2952714079122234,0.14776474243728632,0.9280978815951673,0.39250741074752526
0.19245605789956266,-1.0,-0.2530247646760082,2.1966217047185594
-0.4064961969052896,-1.0,-0.5961671142504505,-0.4399350536093564
1.0,0.03859759622831738,-0.37431586455721644,5.894845344279235
0.607683091499801,-0.2599779897473289,-0.5251867391181215,1.3990081129093814
1.0,-0.34363604874046394,1.0,6.976588473729856
-0.1551335035828285,-0.014302092148546164,0.5642780649408929,0.17041786652436763
-0.5824695543007148,0.9844505046409386,1.0,15.03476458374837
0.6462344338868877,0.7564463114654203,-0.28959953825117,2.650046152662352
0.06043437620316405,0.2441618234801748,0.11416404858307572,1.1526406433827727
-0.5913427695613347,-0.629620468775806,-0.776472628098525,0.4845872568759302
-1.0,0.24550532189345753,0.2352325105430575,-4.648162693893877
1.0,-1.0,-0.08478293723636798,-8.513165090663573
-1.0,-1.0,1.0,22.327717317361838
0.34050398301304186,-0.35090510554495324,1.0,-2.2808178836021287
-0.800444572448785,-0.8223822617583645,0.2799845313684226,3.3740642667494116
1.0,-1.0,0.6977148042204715,-6.899998313885249
-1.0,-1.0,-0.7959992765625947,3.372766393407714
1.0,-0.260140441799215,-0.40423564291381187,4.132109683395693
0.08051150661402295,-1.0,0.48169379762979303,0.430232184698482
-0.024915852708797814,-0.059719609954339115,0.7102561441938862,-0.4496771286716176
-1.0,1.0,-0.8577567182655201,15.150565380492953
-1.0,-0.26192139930371905,-0.46881617174485,-2.68333151508703
1.0,-0.851633781234701,1.0,-2.7696690590968833
0.16125149704408326,-0.556075164247668,1.0,-2.071648063326317
-1.0,-0.9616545815693835,-0.16825752175380337,5.209592741929819
-1.0,-0.7547394189738075,0.031031717569046435,2.299884528391759
0.23540013587985098,0.35331834240062965,1.0,1.919099711164121
1.0,-0.0744728126759906,-1.0,6.900838667963651
1.0,1.0,0.41528452482905953,13.682328646017137
0.04607320917369373,1.0,-0.2059542002732908,9.804472850770878
1.0,-0.28743021109281597,0.8281667711035123,7.514013052350464
-0.03433673382321212,-1.0,0.824865925308204,-2.432556217929643
-0.4996691560634674,-1.0,1.0,-3.014779729952386
-0.891343425305295,0.7020131801380955,-0.637776317325915,0.7409979709783776
1.0,-0.5100487273525776,0.7047543736180251,5.324510053123377
-0.031347736426474926,-1.0,-1.0,-17.30932514906043
-1.0,-0.894899728204811,0.5239790055310634,9.193096057057657
-1.0,-0.18307331612962674,0.5082633800358578,-2.9912477439434344
0.01498415488385585,1.0,0.4651110739071387,7.447756307811025
1.0,0.9096857927147384,-1.0,28.48877851739598
1.0,-0.20404574388357255,-0.8281796326548923,6.685653190746368
1.0,0.8923925229029246,0.2631016899289751,11.770819273644873
0.37718712623797,-0.4889947942629369,-1.0,-6.421890345498573
-0.23472488448073614,0.7809140984820351,0.1020411043665006,0.9608581108088082
-0.2240117769321961,-1.0,0.01411035568872765,3.593639287407941
-0.832564858348114,-0.258012981909457,0.6868777798176495,-0.21884623661945526
-0.576161836299524,0.3693862394674008,-0.4424520226114683,-1.595547310805598
-0.10639183009256259,0.9421020130129365,1.0,11.360740906409848
0.9187880809631506,0.02952095319507153,0.0045681185060746365,3.8010428840951
-0.4311103622453716,1.0,0.5428508566500578,6.482465548691151
0.850268063574825,0.9407029643545566,0.9865108750892695,16.532485213752288
0.8741250419032665,0.13322587155859988,-0.5317015164114627,3.0452205228073206
0.9246790732404302,0.47762261053765065,-0.022169974168673612,4.258958076131844
0.541187726061731,0.32163272902248186,0.08770042565391556,0.8261407421448219
0.27149174538272436,-0.10302509540660454,1.0,-0.5048830761058006
-0.265969908389982,0.8063739508195402,-0.3241859428707028,0.7831292749575233
-0.2697674629788407,-0.8053077959635586,-0.9835285339335946,-8.089914263177148
-0.5198913453304679,1.0,-0.2255636269759913,6.18195562190918
1.812215256391525e-05,1.0,0.5800388642167822,8.170697800303286
-0.9961754623755981,-0.3283787970750387,-1.0,6.976161838891798
-0.27758771706696184,-0.3562564490978646,1.0,-0.3698408371015947
0.2514274678416144,-0.823146625805157,-0.9730426754076931,-9.59947210800693
-0.1419839402830101,0.47520110382091874,0.28634794897814353,-0.17740889161246404
0.04856943093489141,0.47400327990419866,0.11188801260359682,0.33328690385143855
-1.0,-0.5026769816281904,0.9894862367721868,7.770907943488149
0.37478333107978923,-0.6556621241176499,0.6745163063689674,0.7809724974954748
0.8300551940544623,-1.0,0.4341429719254599,-3.0166457674454263
0.6284372215050333,-1.0,-0.5061120867220563,-4.666191560269147
-1.0,-1.0,-0.018301457005690525,7.236849336567275
1.0,0.027418864472998683,0.18954238050961192,5.824639539950297
-1.0,-0.386003877886989,0.5950038629509291,-0.05108093302322969
0.3415649360656039,-0.26611629790283486,-0.7021548760803757,2.032726123758277
0.4845452831157948,0.9655158788700793,-0.06018503274406406,7.326971175846154
1.0,1.0,-0.7628522902565238,28.489115147169308
-0.17840709106598251,-0.3484793280680303,1.0,-0.5999833737294028
1.0,-1.0,-1.0,-28.943189805284035
-0.6027772687828659,1.0,-1.0,0.5422011201957235
0.22850253425784173,-0.7239213451716502,1.0,-3.3282403819607826
1.0,-0.16799332090100183,-0.9301267515397384,6.28343283357996
0.3986548660900422,-0.054325371056396676,-0.5925336044879073,0.8463189152074819
0.03226906299737231,1.0,1.0,12.959227988329433
0.6293218994317511,0.779497822382422,-0.8078481753109732,2.713830580566684
-0.7505288588117649,-1.0,1.0,3.8769706514900535
1.0,0.4238262019818002,0.681460065155576,10.97836209147629
-0.6101497115439702,-0.8200799432162682,-1.0,-4.493328000564656
-1.0,1.0,0.3290894273234146,3.041073309607158
0.15447754790029067,0.7021164020411685,0.5412701830537621,2.4393182164568956
0.1802814916119866,-1.0,-0.3375016653801244,1.2393872324821893
-1.0,1.0,0.8276094219614842,4.710036899214414
-0.500324751951257,-1.0,-1.0,-11.706213026935076
1.0,0.40783067304674736,-0.8962750943085922,9.793082447024052
-1.0,-0.3551806339735202,0.023685932394980513,-3.182290333032573
0.06876007345485569,0.12052582673738921,-1.0,-2.1103948109202184
-0.1943666589702655,1.0,-0.4026004657901625,9.117628954273018
0.13547955485601393,-1.0,-0.5860576955110066,-1.848339999010057
-0.3262118095160651,-1.0,-0.7868164948372078,-5.597817477525071
0.8536995303063473,0.23395692169746307,0.2895279212469122,3.9504058409550984
-1.0,0.37392012880597547,1.0,3.828595007933463
0.9136940239854201,-0.3100375849809218,-1.0,1.614508029218709
0.312601653947838,0.5917229814055094,-1.0,-3.2640164478021556
-0.42523115731643224,1.0,0.46880880641307354,6.849797323402845
0.4656615402884663,1.0,0.21355929989040878,7.141425603526735
-0.8827455500902195,-1.0,0.9271786602708112,10.936867300817905
0.14120838723192253,-0.1589704978351294,0.7051517120647577,-0.7912256306736487
1.0,0.49634436230265266,-1.0,11.923986036167943
-0.49162850668496794,1.0,-0.29852513887054277,5.617620135397684
0.38147509049266937,0.8144474218635727,0.449015395312506,2.92526891141452
0.32576171583148117,-1.0,-1.0,-19.68596810206412
0.30065029944311306,-0.43946378915123674,1.0,-2.225596193835057
-0.12227658181708256,-0.1013983374038554,0.2605130009111798,0.6073709604137941
0.49756833199126804,-1.0,-0.33274100116616956,-0.8828863201129055
0.882916619098221,0.2343748490746682,0.7625472198137175,6.434790148817928
-1.0,0.5985444691689932,-1.0,18.708201209036172
1.0,1.0,1.0,26.21105310663641
-0.15509083133084212,0.5923298925133023,0.6412111215361334,1.6663380474340956
0.14966453590782636,-0.8668487154166533,-0.9912197349312721,-11.584244890639198
-1.0,-0.8599593486443806,-0.1312659801346383,4.656443372520739
-0.2863629808219563,1.0,-1.0,1.6179920882567145
-1.0,-0.19890312856521275,-0.3927447124881587,-3.1547482143751955
-0.3691135213628507,-0.1893984166051086,-1.0,-2.3698439027319718
-0.3516479325422557,-0.775868409849233,-0.2916274158588765,2.1242325789937513
0.839792077354734,1.0,-0.5227298084110621,14.097800151536898
-0.713985543793326,-0.7414860144323603,-0.5599542386389771,2.1655952034840102
0.7797694038281706,0.15771392871864065,-0.4692009613452093,2.145159888888199
-1.0,0.811836672038585,-1.0,19.84005667547117
0.4380870672503081,-1.0,0.8948702732674143,-4.75140628752014
-0.5027612026081916,0.6680112739430746,-0.2247937248264431,-1.4932867492141118
-0.8379890546618816,-0.4911586967413504,0.8818260223502155,4.006213247602255
1.0,-1.0,-0.690374380266076,-12.966868648441185
1.0,0.26476450521397865,-0.23189776990361244,5.455709899929868
0.9790910577688627,-1.0,-0.02529811844124219,-7.846157631803267
1.0,1.0,-0.2891319944794992,17.33956117484018
1.0,-1.0,0.05997678168446252,-8.093457597333677
1.0,0.3192642974497464,0.25623333977378926,6.2844600287106545
-1.0,-0.21873796217897246,-0.6170916565846858,-0.23850181038450458
1.0,1.0,0.9235462042528977,22.354424356938004
-0.632289809696595,-0.5602208158313773,0.28892859328828524,1.4682130458016764
-0.640494082472914,0.8092289174639467,-0.48873002565619683,-1.7184147297552785
-0.2840288559494868,-0.4744468500406456,-1.0,-4.260416965160045
-0.0701443815557341,-0.2032834532794543,-1.0,-4.229714638522949
1.0,-0.6911931292154045,-1.0,-3.0379570571531906
0.48283181223963423,0.08544803259454281,0.2663683117480953,1.566608469359016
0.5130284772252283,1.0,0.5654480257485697,7.527271084552536
-1.0,0.15473696339663623,0.9400205132105002,0.871620845859596
0.4912924533344454,-1.0,-0.9178177670870136,-16.633050576763473
-0.21279301302181386,-0.5451263725454305,1.0,-1.252983274087699
1.0,1.0,-0.5456300282400972,20.96914573730752
-0.6114406924249038,-0.5010547971416264,-0.3636840015928151,2.4244253200624124
-0.2949868141999914,-1.0,-0.03841048416470616,3.068689980684969
1.0,-0.6215570179888159,0.38097654462062325,3.2714434652841824
0.001674306011072657,1.0,1.0,12.958036281944235
-0.39474730142824677,0.021990245234904338,0.5399040837472247,-0.08691059548106217
0.902455899347562,1.0,-0.6691767401588824,19.53624161074855
-0.004611892648500815,-0.4199923840980231,0.5649290128756574,0.8962302365477736
0.010543650275925076,-0.06487206815621782,0.12299401235697016,1.0528244497471781
-0.9768463875791429,-1.0,-0.8635357777290509,2.119040771791526
0.1455857601592485,0.9744483490520193,-0.0937070560647626,7.455100411248919
-0.7281442851640898,0.2926320418453803,0.46202651206355516,-1.9958612045024466
-0.7663714032837576,0.6179536945595936,-0.1646470829389972,-2.2266602799377844
-0.3447768567065894,0.6807471113112016,0.6746274027178223,1.2627122271599642
1.0,1.0,0.1694991614260759,13.438452460474041
-0.666581024516018,1.0,-1.0,1.0646710858496433
0.598278217426609,-1.0,1.0,-6.892552577573174
-0.8421550078860787,-0.14776520291806428,-0.08581498722142222,-1.7805120408687514
-0.8142612650609631,0.2873347618996407,-0.7861296482715738,1.0900098586962026
0.867924475248737,-1.0,-1.0,-28.14918021593249
-0.9439448347245045,-0.8052115214158782,0.2473983259731849,4.0506746301302465
0.7753402680534867,-0.8509935509576052,-0.6550449066695856,-2.4260902198691725
1.0,-1.0,-1.0,-28.960507277728766
1.0,0.22599604816941543,-0.4233984961749049,4.682007685518563
-0.8772397784478954,1.0,-0.01707191516731643,4.147281183672128
-0.2646265316069538,-0.469105316646123,0.9290797514195974,0.4340818466469487
0.15235313340501855,0.2316789226649394,0.05980720151793162,0.39096079602022876
0.12371760354652817,1.0,-0.3783836863853085,10.254982447440765
-0.49841306642146543,-0.608833288158865,-0.2418523634454648,1.7219907062792374
0.43846539264523243,0.30322574717115636,-1.0,-2.754167566396006
0.14698521729764735,-1.0,0.42472422211346395,1.0309081148564518
-0.9651967703496698,-0.372057924962792,1.0,6.717981717413011
0.44624367957301714,0.4571681757074897,0.7574097382987377,1.4332844071090298
0.2216696278353396,0.9000754785229119,1.0,8.497814588387163
0.8562220050459679,0.37716272584388433,1.0,11.73863200094609
-0.6347242913458278,-0.7310234398207198,-0.14330543057992284,2.51356284150563
-0.6698323559244803,-0.8107253149383229,0.13691910932818052,3.090477808982259
0.8732159814391871,-0.30296440332192254,0.3643139627626195,3.795314760522961
0.2829161048161417,0.32664971946806043,-1.0,-3.7285622252659114
0.643916422596037,-0.5133485331509919,0.2986027627420662,-0.060363344306000766
1.0,0.03539332020561714,-0.8027390573054749,8.124017149223809
-0.435518434789151,-0.4399226383447914,-1.0,-3.2703823676709254
-1.0,1.0,1.0,17.89771232974285
-0.8449814152941781,-0.8349864385493442,-0.3137087622671271,4.301653948451429
0.14920895946513713,-1.0,0.3312629193276948,0.5421199706414755
-1.0,0.25232698505631057,0.0030459638850683923,-4.310641871022566
-0.5271166484766021,-0.5876944203598058,-0.4060625312554129,1.5856600479999305
0.6363133748912191,0.38764797478351354,-1.0,-0.4782007284373778
0.29580481647880186,-0.7388478593719721,-0.19622674499683113,1.4534287257182885
1.0,0.970811647720383,0.5287327419027459,13.207910945527386
-0.5361762218588995,0.013961402596709416,-0.61868144784636,0.1274969848075173
-0.2604566200472016,0.8490600917030076,0.05062998322619716,1.6435342104583393
-0.3860488194455254,1.0,0.7263535184251242,8.519039877132892
0.6085092450613081,1.0,0.543919041376389,7.270486407572548
-0.03933032964227401,-1.0,-0.6550499395790215,-2.489177573770289
-0.4667124975954684,0.06740961026140413,0.8959443320161564,0.9214943610973567
0.06723124391307223,0.018060463203554367,0.470489490517082,0.06633846722758036
0.8149933194223726,0.22000009047763958,0.18020737389660324,2.5011831515437346
-1.0,-0.07649638253226554,-1.0,10.211289893628654
-0.10556947380564807,-0.22995592100389972,1.0,-0.2708090311207991
-0.25243482984222876,-0.04695784467638875,-0.4969103238989634,1.3203756400798705
0.10908328076101115,-0.7232846998173337,0.6068276526074836,1.0449544358030047
0.32172912555796906,-0.48379154138769676,-1.0,-7.009000607105398
-0.44161522436714584,0.019225636779989452,0.7332080729726556,0.10283006799080024
-0.6750382855831132,-0.01248194528730795,0.6584385557006358,-1.0672729688994242
-0.7932784263168506,0.31250320453811464,-0.6846572028259954,-0.6437200674742567
-1.0,1.0,-0.5093668099757875,12.102451414896228
-0.9533467778503864,0.04412961708505336,1.0,2.9718648337535396
0.9831247583279237,-0.866089365482333,-0.7793455593123908,-3.8624487337480575
-0.2051275136037165,-1.0,-1.0,-15.805362775961862
-0.13367737986683892,-0.8392831669454159,-0.3223103399158167,2.1722579369919317
-0.9862900612261052,-0.34859515079763836,-0.47593680825268536,-0.8348510098473569
1.0,0.37212846408576095,-1.0,12.108040072830814
0.9147146175055518,0.41859558797761953,0.7041548467527343,8.463523666111508
-0.3547065683702355,0.3699674892896849,0.6916012827488296,-0.6251466772423061
0.2171399446174036,-0.13486955578840942,-0.7132829562975371,0.9631307626556637
-0.7489829964499273,0.5491518798738046,0.573614522877179,-3.136988724825678
0.5663013961067451,0.6761460430602266,-1.0,-2.0765599862249102
0.16854458539670647,0.18515363404267582,0.08826921348502403,0.7219653696126191
0.8121594580797848,0.3655752639847538,-0.1583378536021347,2.963184626994257
0.2644669538175928,-0.6851248585804335,-0.6017353855441885,0.9254833444435487
0.43660475748251004,1.0,-1.0,6.656502898877345
1.0,-0.10316022631294675,0.6153636824451543,6.277742086399062
-0.42800809927515426,-1.0,0.005202592865887423,4.221531827747994
0.7826605877574475,0.72601413656439,0.061379083870856777,2.9256610993539645
-0.2706726966733144,-0.787218924807159,1.0,-1.9339304707430398
-0.2870756092072311,-1.0,0.5208337073863425,1.0916241076375506
1.0,-0.07706415628932461,0.17383944816636143,4.348135114741653
1.0,0.9672695980085861,0.5343679645588051,14.050650492813698
-0.24977586278320985,0.21785215636548316,0.5222933390971778,-0.422353254543658
-0.966627927942177,0.9616470402265049,-0.2994527511723122,6.73493103510368
-0.07546975797627398,-0.22804484097323896,0.35265077553955093,0.7463893646397117
0.0843386710031504,0.4513182435292302,0.5341229954713618,0.5723474148097936
-0.37291730781433174,0.1696464567166336,0.9635382588683401,0.1351703986594568
-1.0,0.28471765358747825,0.538723022041645,-5.504094431047248
-0.4280725893709705,-0.2103733447656151,1.0,1.3586659105071952
-0.4586095512984194,1.0,0.3160446996915274,5.998995682841124
0.06181275525653818,-1.0,0.34781556852123163,1.1869961512845215
-0.42752392435649056,0.3764459739109167,0.743995115923046,0.26160191212847417
-0.8863011471750595,-0.1276575364202439,0.995450023989374,4.051069495610091
-0.4610291957538435,-0.40270652612442803,0.24573466652305642,0.6625009796982977
-0.31822739128658273,-1.0,-1.0,-14.606860262084336
-0.8969221049216978,-1.0,-0.2417252876275564,7.038462004174573
-0.6556393244205307,0.3745140177584445,-0.8714270440119976,-0.34042207517995765
-0.4619987694712744,0.5192729125929509,0.6626405645329803,-1.2095444445511214
-1.0,-0.003706302020736185,-0.28715598739057446,-2.3566333395291554
-0.6584480853257153,0.8074784825908283,-0.6171103667830686,-0.23742882868970727
-0.06261826310680374,-1.0,1.0,-6.925825611558296
-0.14196600920289293,0.7628960725271894,1.0,7.872471632960556
0.23886932756618529,0.026458443097488127,0.5359052162355871,0.08001016856822274
-0.09478304277195981,-0.4547626346758027,-1.0,-5.303584046465835
-0.6313908352072124,-1.0,1.0,-0.3865295653244438
-0.42759910074810037,1.0,0.0825829837729517,6.113424164518256
-0.3317195797835797,-0.4322920044756755,-0.2821302441481224,0.5736495855123633
-0.9713033512183598,-1.0,-0.1833969596818712,6.587693625186105
-0.5984505834078644,0.17899671734923706,-0.3174239311372853,-1.4878333922969107
0.35709624193601175,0.40715206433895634,-0.16416437261970818,1.1753586377657992
0.5646431325177825,0.09724943611742165,-1.0,-2.52733434305145
0.43250411191837523,-0.11138593265783747,0.5840532861653789,0.34651161838236133
0.7233819977680622,0.07120876724488445,-0.46024367509114983,1.0226957937907115
0.3949759272295563,0.5406803173328749,-1.0,-2.983682744961298
-0.03989919353317206,-0.51429665174729,-1.0,-5.985757599813877
-1.0,0.6614666434020833,-0.0804855746680182,-0.39484271149227224
-0.9506218364638368,0.4170511567403403,-0.29278975094517246,-2.2429516770784543
0.18274685500328003,0.5592695800907961,1.0,3.712399010640424
-1.0,0.1522838377295328,-0.33317993775894617,-3.153331701003902
-0.7199215026275034,-0.4371843010511487,0.9267870700676557,2.0631344480041176
-0.4160732405435681,0.8369167031462958,-1.0,-3.6593046137736165
0.36296130244479285,0.6014618269084984,-1.0,-3.169906193452658
0.5784071180121104,0.5302963194316623,-0.16281778453220852,1.1307987633911647
0.969128302638858,-0.8007864755403353,-0.643679417975195,0.570232908112681
-0.04703249165412693,0.9261862683666182,-0.5484073367343747,4.360713088091591
-0.6025163967491882,0.6563362905811689,0.46399743937385374,-2.195944990571801
0.33292024686486843,-1.0,-0.8243267860764518,-9.804179420115128
0.11751302345962045,0.2652950727106882,0.8009224637463366,-0.09075489292973338
0.5181054190817427,0.5051049214605978,-0.3944578041400961,0.9177819985115794
0.6219504638469324,0.6972889525498471,-0.9426935073919867,-0.5680392406303549
-1.0,-1.0,-0.4998064039119219,5.324883767300912
1.0,1.0,0.4680180375242302,14.073164652837564
0.8206971693526262,-0.5292967280365939,-0.45616224441728614,0.7686027162082496
-1.0,0.3478388158592154,1.0,4.262253275626964
-0.664105932628142,-0.6798194266029616,-0.02896965833049925,2.2026619481962864
0.031775325657934284,1.0,0.6052686319889937,8.220059524778858
-1.0,-1.0,-0.6491448027703548,4.135796331355563
0.6036598586296842,-1.0,-1.0,-24.43550626058371
-0.2862503819141222,-0.8059620073141114,-0.7001337586137018,-0.715912413922423
-0.09311953215913982,-0.9177706022167675,0.6200498780728794,1.2381311307753682
0.11841920943064577,-0.042100125679561895,0.5475451813041305,0.7877408173826257
0.08212895167896783,-0.6358358570372862,-0.41117202308188827,1.1068714497300773
-0.14104742510966095,-0.33603678838415396,0.1693594012397852,0.28012507200555864
0.23084102419226205,0.16403274925584843,1.0,0.1964829900495132
-0.07521792372133906,-0.6519057861640136,0.08942732879803472,0.9282226297910605
1.0,0.271527411440349,0.5887510106101179,8.55562985569954
0.7826090518378652,1.0,0.04699013280351694,9.312953955983758
0.30522025965426103,-0.4260478835666237,-1.0,-5.663841211278609
-0.7127460729345432,-0.08548106812954481,0.1821567681353693,-1.1915147116049014
0.15697477796871095,-0.0799949290166011,0.026107397525781062,0.6913195065662554
0.7084005623084118,-0.14951979060961973,0.07994423687369334,1.8978166458709225
0.8869611505851354,-0.9059496869697035,-1.0,-17.8344911679469
0.07690272375061546,0.19190570421642006,-0.7024218646743647,0.9586645681310322
0.7898284783823901,1.0,-0.26499887407511125,10.935499985727276
0.3825215817160339,-0.819241919640131,-1.0,-11.432710328273716
-0.3121443993242563,-0.4503953534556522,-0.13767104380448947,1.1072126832541647
0.35170611019922604,1.0,0.5764938675900315,6.3955458708757575
-0.15927361417593988,-1.0,-1.0,-16.437888046882932
0.9270893978009802,1.0,0.3989554004335598,11.2981722988261
-0.6745921188748583,0.3677978390285881,0.3711916608499466,-1.676495712096132
-0.9601351903206452,-0.05062218797761342,0.5869425509493844,-2.2514271068119838
0.38526432449321946,0.49611667679146065,0.10795061101935288,1.290973582119342
1.0,1.0,-1.0,39.86046243118929
0.5788333813500577,1.0,0.48278057840014665,7.716082080349986
1.0,0.5934730235893924,-0.5610568478078581,6.193345725362214
1.0,0.7607910639283222,-0.09827119845764964,7.792456605539031
-0.8945314965350022,0.20974792207194803,0.7620234543196878,-2.125205132040943
1.0,-1.0,-1.0,-30.38725507680734
0.9652172816033733,-0.072925680600471,1.0,9.125480703126591
-0.9985380345510637,0.4449040591770128,0.12527434458154518,-3.8282164399516216
-1.0,-1.0,-0.38902689774423127,6.31597937020836
1.0,0.468763314057411,-0.6616648254841455,7.320432644715749
1.0,-0.8404904153414043,-1.0,-10.033606882739273
1.0,-0.8438622985811528,1.0,-2.2478148729997076
0.6116090427031275,0.15294449587989312,0.6077674116470553,1.8112542169310486
-0.8778769842884551,-0.3773328837671588,0.5028404369407724,0.24687253666168663
0.11295542390081059,1.0,-0.5543498294530065,9.539704284193402
0.27212478927743744,-1.0,1.0,-7.652718187602183
0.7983525527303001,0.9413018632458385,-0.02711778960461264,7.113079594913814
-1.0,0.3945407032717414,0.06955891977931894,-4.712065369030346
-0.3665989198798052,-0.7477492545235314,1.0,-0.6011801760774952
0.7657097576224061,0.5369567303664897,-0.6329359391862988,1.2087727709054303
-0.029462272604336315,0.39291279763265163,-0.08231751870404436,-0.1752573013185112
0.3834351233142992,0.20055159823848112,0.16484222453925357,1.3585588480493396
1.0,0.7586645773561138,1.0,26.197629111311773
0.876428168406461,0.45725887614968785,-0.29839297469967296,2.929645408216626
-0.10700374544943836,-0.6358903492020391,-0.8149725866573638,-1.0655053366394975
-0.16474199628980557,0.13576917264079102,-0.29199254484050585,-0.4703443187039234
1.0,-0.7032600282814434,-1.0,-3.324351076693241
0.07216309758506534,0.22298754711507152,0.40271305272662894,0.40463157792407195
-0.47681344226796885,0.7076231612087629,-0.8455376457401436,-2.694699521559185
-0.0564481420788574,1.0,0.4151617428707901,7.497868769824761
-0.5411790618966883,-0.25660943146904747,-1.0,-0.8473115222405394
0.1972632370552574,-1.0,-1.0,-18.26218242515901
0.5232548444901324,0.9909282779100295,0.46681908030407504,6.563036590222905
0.38676123471145196,-0.6080129110759438,0.3497078141479324,0.874301289443781
-1.0,0.8140774842353171,0.04587152697817776,0.9379456680326161
-0.5560761495349675,0.48639522767154975,-0.08180232253768804,-1.6266983768152061
-0.0445087373501416,-0.3086023631225552,0.24854181528955,0.3880070423468792
0.06042593663643281,1.0,0.7164480945557286,8.749678212294752
0.5716817376214629,0.6950342927658357,-1.0,-1.8971322692984638
-0.07374983549837166,-0.0810889889884816,-0.8605964554825012,-0.0754781723958623
-0.5659963693193957,0.6306930935504709,-0.10426469774377045,-1.5837129342369942
-0.7495456868660626,-0.11324992558822866,1.0,2.922709390749118
-0.6642153476927779,0.001615359587189058,-0.3948498474475599,-1.1090520258694274
-1.0,0.4720821498971344,1.0,3.5432525740918486
-0.23972434520200236,0.7156533944763008,-1.0,-4.032691514365666
0.47169002727160647,-0.3632704983369708,-0.4959600657755596,1.5622570356926528
-0.8256833222674984,-0.3465660378630093,0.018308553633886282,-0.8320133593492721
1.0,-0.34184197398846505,0.7953967425224631,7.263338168495836
-0.9883457359004175,-0.30246733440697016,-1.0,6.450236276433103
-0.9101576947868728,0.2026148996201489,-0.6450969630683778,0.7188379040819175
0.678588575171333,1.0,-0.13377607194433172,8.709143924987936
1.0,-1.0,0.4922561412938604,-5.804676043881433
0.4979421915813116,-0.7832445491134685,-0.18163875888557124,1.0950255959704218
-0.07067017876611836,-1.0,-1.0,-16.003388928632678
-0.3784772543904056,0.1265368021306459,0.4069680704434695,-1.2066801129458444
-0.8326349053027506,-1.0,-0.13361645709921022,6.500091899657394
0.3715083721018533,0.2012780026301375,0.6963041158227512,0.8724492637417914
-0.4074138213209104,-0.35646248054311624,0.7965581615645103,0.7369939582158129
1.0,0.35073873364823926,-1.0,11.257976941790082
-0.617771606542953,-0.42949100161922904,-0.44490644626689946,0.8184259087598533
0.16424298704497242,-0.04773100828123833,-0.5164287852361666,1.4145597742088623
-0.40635552223582994,0.2690161299071303,-0.5943949866494718,-0.2738187626079312
0.3474676125187093,0.16226489374557085,-0.15829881310553873,0.4167238834222289
0.13248306170835122,1.0,-0.439672808876058,10.41689085379298
-0.8976254562907526,1.0,-0.4629514957245029,6.742349510026163
0.18962060462155894,0.7875601884388963,1.0,7.42092236682323
0.9368827368372952,0.21986226332707504,-0.1764800722611808,3.2491419021539527
0.5074180367041479,-0.09292101636393846,-1.0,-4.015039772826572
-0.6213669082838216,-0.1559112324211216,-0.23534945551319675,0.41047555432574623
-0.16070743081567773,-0.23799273301022406,0.09904102002729909,0.24183039967919556
-1.0,-0.5393816401360143,-0.2959456914974308,-0.844778370753934
0.19493710358800787,-0.05800411935111871,0.863318101585067,-0.2288274542835981
1.0,-0.4918635586569873,-0.6385168899521818,5.121163072447841
